1,Robert De Niro,USA
2,Javier Corcuera,ESP
3,J. J. Abrams,USA
4,Tengiz Abuladze,GEO
5,Andrew Adamson,NZL
6,Herbert Achternbusch,RFA
7,Percy Adlon,GER
8,Alejandro Agresti,ARG
9,Alexandre Aja,FRA
10,Chantal Akerman,BEL
11,Fatih Akin,GER
12,Moustapha Akkad,SYR
13,Robert Aldrich,USA
14,Tomás Gutiérrez Alea,CUB
15,Marc Allégret,SWI
16,Yves Allégret,FRA
17,Irwin Allen,USA
18,Lewis Allen,UK
19,Woody Allen,USA
20,Juan Cruz,ESP
21,Pedro Almodóvar,ESP
22,Robert Altman,USA
23,Gianni Amelio,ITA
24,Alejandro Amenábar,ESP
25,Lindsay Anderson,UK
26,Zack Snyder,USA
27,Paul Thomas Anderson,USA
28,Roy Andersson,SWE
29,Wes Anderson,USA
30,Kostas Andritsos,GRE
31,Theo Angelopoulos,GRE
32,Kenneth Anger,USA
33,Jean-Jacques Annaud,FRA
34,Threes Anna,HOL
35,Hideaki Anno,JAP
36,Arnold Antonin,HAI
37,Juan Antonio Bayona,ESP
38,Michelangelo Antonioni,ITA
39,Judd Apatow,USA
40,Michael Apted,USA
41,Alfonso Arau,MEX
42,Denys Arcand,CAN
43,Jane Arden,UK
44,Asia Argento,ITA
45,Dario Argento,ITA
46,Gillian Armstrong,AUS
47,Andrea Arnold,UK
48,Jack Arnold,USA
49,Darren Aronofsky,USA
50,Fernando Arrabal,ESP
51,Miguel Arteta,PUR
52,Dorothy Arzner,USA
53,Hal Ashby,USA
54,Anthony Asquith,UK
55,Carlos Atanes,ESP
56,Richard Attenborough,UK
57,Jacques Audiard,FRA
58,Bille August,DAN
59,Claude Autant-Lara,FRA
60,Roger Avary,CAN
61,Pupi Avati,ITA
62,Tex Avery,USA
63,John G. Avildsen,USA
64,Nabil Ayouch,FRA
65,Hector Babenco,BRA
66,Lloyd Bacon,USA
67,John Badham,USA
68,Bae Yong-Kyun,KOR
69,King Baggot,USA
70,Roy Ward Baker,UK
71,Mohammad Bakri,ISR
72,Ralph Bakshi,USA
73,Aleksei Balabanov,RUS
74,Carroll Ballard,USA
75,Clive Barker,UK
76,Tom Barman,BEL
77,Boris Barnet,RUS
78,Matthew Barney,USA
79,Mario Bava,ITA
80,Michael Bay,USA
81,Kidist Bayelegne,ETI
82,Warren Beatty,USA
83,Jacques Becker,FRA
84,Wolfgang Becker,GER
85,Jean-Jacques Beineix,FRA
86,Marco Bellocchio,ITA
87,Maria Luisa Bemberg,ARG
88,László Benedek,HUN
89,Shyam Benegal,IND
90,Roberto Benigni,ITA
91,Robert Benton,USA
92,Bruce Beresford,AUS
93,Ingmar Bergman,SWE
94,Busby Berkeley,USA
95,Luis Garcia Berlanga,ESP
96,Ishmael Bernal,PHI
97,Curtis Bernhardt,GER
98,Claude Berri,FRA
99,Bernardo Bertolucci,ITA
100,Luc Besson,FRA
101,Frank Beyer,GER
102,Susanne Bier,DEN
103,Fabián Bielinsky,ARG
104,Kathryn Bigelow,USA
105,Brad Bird,USA
106,Alice Guy-Blaché,FRA
107,Nicola Black,UK
108,Alessandro Blasetti,ITA
109,Bertrand Blier,FRA
110,Don Bluth,USA
111,Budd Boetticher,USA
112,Peter Bogdanovich,USA
113,Richard Boleslawski,POL
114,Mauro Bolognini,ITA
115,Fyodor Bondarchuk,RUS
116,Sergei Bondarchuk,RUS
117,Bong Joon-ho,KOR
118,Jan De Bont,HOL
119,John Boorman,USA
120,Frank Borzage,USA
121,John and Roy Boulting,UK
122,Danny Boyle,UK
123,Stan Brakhage,USA
124,Kenneth Branagh,UK
125,Catherine Breillat,FRA
126,Robert Bresson,FRA
127,Vinko Brešan,CRO
128,Martin Brest,USA
129,Lino Brocka,PHI
130,Peter Brook,UK
131,Albert Brooks,USA
132,James L. Brooks,USA
133,Mel Brooks,USA
134,Richard Brooks,USA
135,Nick Broomfield,UK
136,James Broughton,USA
137,Clarence Brown,USA
138,Tod Browning,USA
139,Detlev Buck,GER
140,Jan Bucquoy,BEL
141,Andrew Bujalski,POL
142,Luis Buñuel,ESP
143,Charles Burnett,USA
144,Edward Burns,USA
145,Tim Burton,USA
146,Jörg Buttgereit,GER
147,Jeff Celentano,USA
148,Enrique Carreras,PER
149,Michael Cacoyannis,CYP
150,Israel Adrián Caetano,URU
151,James Cameron,USA
152,Donald Cammell,UK
153,Juan José Campanella,ARG
154,Martin Campbell,NZL
155,Jane Campion,NZL
156,Mihalis Kakogiannis,CYP
157,Frank Capra,USA
158,Leos Carax,FRA
159,Marcel Carné,FRA
160,Niki Caro,NZL
161,John Carpenter,USA
162,D.J. Caruso,USA
163,John Cassavetes,USA
164,Nick Cassavetes,USA
165,William Castle,USA
166,André Cayatte,FRA
167,Nuri Bilge Ceylan,TUR
168,Claude Chabrol,FRA
169,Youssef Chahine,EGY
170,Jackie Chan,HKG
171,Charlie Chaplin,USA
172,Kaige Chen,CHI
173,Abigail Child,USA
174,Samson Chiu,HKG
175,Yash Chopra,IND
176,Chor Yuen,HKG
177,Stephen Chow,HKG
178,Benjamin Christensen,DEN
179,Christian-Jaque,FRA
180,Grigori Chukhrai,RUS
181,Peter Chung,USA
182,Věra Chytilová,CHE
183,Michael Cimino,USA
184,Souleymane Cissé,MLI
185,René Clair,FRA
186,Bob Clark,USA
187,Larry Clark,USA
188,Jack Clayton,UK
189,René Clément,FRA
190,George Clooney,USA
191,Henri-Georges Clouzot,FRA
192,Enrico Cocozza,UK
193,Jean Cocteau,FRA
194,Joel Coen,USA
195,Larry Cohen,USA
196,Keri Collins,UK
197,Jaime Rosales,ESP
198,Chris Columbus,USA
199,Luigi Comencini,ITA
200,Bill Condon,USA
201,Bruce Conner,USA
202,Jack Conway,USA
203,Merian C. Cooper,USA
204,Francis Ford Coppola,USA
205,Sofia Coppola,USA
206,Roger Corman,USA
207,Alain Corneau,FRA
208,Don Coscarelli,USA
209,George Pan Cosmatos,ITA
210,Pedro Costa,POR
211,Costa-Gavras,GRE
212,Kevin Costner,USA
213,Alex Cox,UK
214,Paul Cox,AUS
215,Wes Craven,USA
216,Charles Crichton,UK
217,Michael Crichton,USA
218,John Cromwell,USA
219,David Cronenberg,CAN
220,Alan Crosland,USA
221,Cameron Crowe,USA
222,Alfonso Cuarón,MEX
223,George Cukor,USA
224,Sean S. Cunningham,USA
225,Richard Curtis,UK
226,Michael Curtiz,USA
227,John Dahl,USA
228,Joe D'Amato,ITA
229,Frank Daniel,CHE
230,Joe Dante,USA
231,Frank Darabont,USA
232,Jules Dassin,FRA
233,Byambasuren Davaa,MON
234,Delmer Daves,USA
235,Claude Goretta,SWI
236,Terence Davies,UK
237,Andrew Davis,USA
238,Tamra Davis,USA
239,Jonathan Dayton,USA
240,Philippe de Broca,FRA
241,Rolf de Heer,AUS
242,Alex De La Iglesia,ESP
243,Jean Delannoy,FRA
244,Roy Del Ruth,USA
245,Guillermo Del Toro,MEX
246,Cecil B. DeMille,USA
247,Jonathan Demme,USA
248,Ted Demme,USA
249,Jacques Demy,FRA
250,Claire Denis,FRA
251,Ruggero Deodato,ITA
252,Brian De Palma,USA
253,Maya Deren,UKR
254,Scott Derrickson,USA
255,Giuseppe de Santis,ITA
256,Vittorio De Sica,ITA
257,Danny DeVito,USA
258,Michel Deville,FRA
259,Carlos Diegues,BRA
260,Walt Disney,USA
261,William Dieterle,GER
262,Djibril Diop Mambety,SEN
263,Edward Dmytryk,USA
264,Jacques Doillon,FRA
265,Andrew Dominik,NZL
266,Roger Donaldson,AUS
267,Stanley Donen,USA
268,Richard Donner,USA
269,Mark Donskoi,RUS
270,Nelson Pereira dos Santos,BRA
271,Aleksandr Dovzhenko,UKR
272,Polly Draper,USA
273,Carl Theodor Dreyer,DEN
274,Troy Duffy,USA
275,Dennis Dugan,USA
276,Bruno Dumont,FRA
277,Ewald André Dupont,GER
278,Marguerite Duras,FRA
279,Richard Dutcher,USA
280,Guru Dutt,IND
281,Julien Duvivier,FRA
282,Yorgos Lanthimos,GRE
283,Allan Dwan,CAN
284,Clint Eastwood,USA
285,Uli Edel,GER
286,Blake Edwards,USA
287,Atom Egoyan,CAN
288,Sergei Eisenstein,RUS
289,Richard Elfman,USA
290,Stephan Elliott,AUS
291,Maurice Elvey,UK
292,Roland Emmerich,GER
293,Cy Endfield,USA
294,Robert Enrico,FRA
295,Nora Ephron,USA
296,Jean Epstein,FRA
297,Victor Erice,ESP
298,Jean Eustache,FRA
299,Marc Evans,UK
300,Chris Eyre,USA
301,Richard Eyre,UK
302,Peter Faiman,AUS
303,Farrelly brothers,USA
304,John Farrow,AUS
305,Rainer Werner Fassbinder,GER
306,Fei Mu,CHI
307,Federico Fellini,ITA
308,Emilio Fernandez,MEX
309,Abel Ferrara,USA
310,Marco Ferreri,ITA
311,Louis Feuillade,FRA
312,Jacques Feyder,BEL
313,Todd Field,USA
314,Mike Figgis,USA
315,David Fincher,USA
316,Terence Fisher,UK
317,Robert J. Flaherty,USA
318,Richard Fleischer,USA
319,Victor Fleming,USA
320,Benedek Fliegauf,HUN
321,John Ford,USA
322,Miloš Forman,CHE
323,Willi Forst,AUT
324,Marc Forster,USA
325,Bill Forsyth,UK
326,Bob Fosse,USA
327,Eytan Fox,ISR
328,Coleman Francis,USA
329,Jesús Franco,ESP
330,Georges Franju,FRA
331,John Frankenheimer,USA
332,Sidney Franklin,USA
333,Stephen Frears,UK
334,Mark Freiburger,USA
335,Fridrik Thor Fridriksson,ICE
336,Lionel Friedberg,USA
337,William Friedkin,USA
338,Su Friedrich,USA
339,Kinji Fukasaku,JAP
340,Lucio Fulci,ITA
341,Sam Fuller,USA
342,Antoine Fuqua,USA
343,Leonid Gaidai,RUS
344,"Harry Gamboa, Jr.",USA
345,Abel Gance,FRA
346,Carla Garapedian,USA
347,Tay Garnett,USA
348,Philippe Garrel,FRA
349,William Garwood,USA
350,Louis J. Gasnier,FRA
351,Tony Gatlif,FRA
352,Nils Gaup,NOR
353,Alexei German,RUS
354,Pietro Germi,ITA
355,Clyde Geronimi,USA
356,Subhash Ghai,IND
357,Ritwik Ghatak,IND
358,Bahman Ghobadi,IRA
359,Mel Gibson,AUS
360,Lewis Gilbert,UK
361,Terry Gilliam,UK
362,Pavel Giroud,CUB
363,Amos Gitai,ISR
364,Jonathan Glazer,UK
365,Theo van Gogh,HOL
366,Jean-Luc Godard,FRA
367,Menahem Golan,ISR
368,Bobcat Goldthwait,USA
369,Michel Gondry,FRA
370,Alejandro González Iñárritu,MEX
371,Adoor Gopalakrishnan,IND
372,Stuart Gordon,USA
373,Hideo Gosha,JAP
374,Edmund Goulding,UK
375,F. Gary Gray,USA
376,David Gordon Green,USA
377,Peter Greenaway,UK
378,Paul Greengrass,UK
379,John Grierson,UK
380,Jean Gremillon,FRA
381,John Greyson,CAN
382,D. W. Griffith,USA
383,Murray Grigor,UK
384,Val Guest,UK
385,John Guillermin,FRA
386,Sacha Guitry,FRA
387,Yilmaz Güney,TUR
388,Hrafn Gunnlaugsson,ICE
389,Alice Guy Blaché,FRA
390,Taylor Hackford,USA
391,Tala Hadid,UK
392,Lucile Hadzihalilovic,FRA
393,Piers Haggard,UK
394,Lasse Hallström,SWE
395,Bent Hamer,NOR
396,Michael Haneke,AUT
397,Curtis Hanson,USA
398,Geir Hansteen Jörgensen,SWE
399,Renny Harlin,FIN
400,Jack Harris,UK
401,Mary Harron,CAN
402,Hal Hartley,USA
403,Herk Harvey,USA
404,Henry Hathaway,USA
405,Howard Hawks,USA
406,Salma Hayek,MEX
407,David Hayman,UK
408,Todd Haynes,USA
409,Brian Helgeland,USA
410,Monte Hellman,USA
411,Frank Henenlotter,USA
412,Jim Henson,USA
413,Perry Henzell,JAM
414,Werner Herzog,GER
415,Jared Hess,USA
416,Jerusha Hess,USA
417,Scott Hicks,AUS
418,Jack Hill,USA
419,George Roy Hill,USA
420,Walter Hill,USA
421,Arthur Hiller,CAN
422,Elaine May,USA
423,Ryuichi Hiroki,JAP
424,Alfred Hitchcock,USA
425,Corneliu Porumboiu,ROM
426,Mike Hodges,UK
427,Michael Hoffman,USA
428,Florian Henckel von Donnersmarck,GER
429,Savage Steve Holland,USA
430,Agnieszka Holland,POL
431,Seth Holt,UK
432,Tobe Hooper,USA
433,Stephen Hopkins,USA
434,Dennis Hopper,USA
435,Hsiao-Hsien Hou,TWN
436,Ron Howard,USA
437,Howard Hughes,USA
438,Steve McQueen,UK
439,Danièle Huillet,FRA
440,John Huston,USA
441,Brian G. Hutton,USA
442,Peter Hyams,USA
443,Nicholas Hytner,UK
444,Kon Ichikawa,JAP
445,Im Kwon-Taek,KOR
446,Shôhei Imamura,JAP
447,Hiroshi Inagaki,JAP
448,Rex Ingram,IRL
449,Juzo Itami,JAP
450,Joris Ivens,HOL
451,James Ivory,USA
452,Peter Jackson,NZL
453,Sarah Jacobson,USA
454,Henry Jaglom,USA
455,Steve James,USA
456,Miklós Jancsó,HUN
457,Jim Jarmusch,USA
458,Jang Jun-hwan,KOR
459,Derek Jarman,UK
460,Jia Zhangke,CHI
461,Jiang Wen,CHI
462,Humphrey Jennings,UK
463,Risto Jarva,FIN
464,Patty Jenkins,USA
465,Norman Jewison,USA
466,Jean-Pierre Jeunet,FRA
467,Jia Zhangke,CHI
468,Jaromil Jireš,CHE
469,Phil Joanou,USA
470,Alejandro Jodorowsky,CHL
471,Clark Johnson,USA
472,Joe Johnston,USA
473,Terry Jones,UK
474,Chuck Jones,USA
475,Spike Jonze,USA
476,Bong Joon-ho,KOR
477,Neil Jordan,IRL
478,Jon Jost,USA
479,Mike Judge,USA
480,Miranda July,USA
481,Karel Kachyňa,CHE
482,Kamal,IND
483,Zacharias Kunuk,CAN
484,Raj Kapoor,IND
485,Shekhar Kapur,IND
486,Pekka Karjalainen,FIN
487,Roman Karmen,UKR
488,Lawrence Kasdan,USA
489,Mithaq Kazimi,AFG
490,Pablo Hernando,ESP
491,Mathieu Kassovitz,FRA
492,Aaron Katz,USA
493,Lloyd Kaufman,USA
494,Philip Kaufman,USA
495,Aki Kaurismäki,FIN
496,Mika Kaurismäki,FIN
497,Helmut Käutner,GER
498,Jerzy Kawalerowicz,POL
499,Tony Kaye,USA
500,Elia Kazan,USA
501,Buster Keaton,USA
502,Gene Kelly,USA
503,Richard Kelly,USA
504,James Kerwin,USA
505,William Kennedy Dickson,FRA
506,Abbas Kiarostami,IRA
507,Krzysztof Kieślowski,POL
508,Kim Ki-duk,KOR
509,Max W. Kimmich,GER
510,Henry King,USA
511,Teinosuke Kinugasa,JAP
512,Ryuhei Kitamura,JAP
513,Takeshi Kitano,JAP
514,Elem Klimov,RUS
515,Satoshi Kon,JAP
516,Alexander Korda,UK
517,Zoltan Korda,HUN
518,Hirokazu Koreeda,JAP
519,Harmony Korine,USA
520,Baltasar Kormákur,ICE
521,Henry Koster,GER
522,Jan Kounen,FRA
523,Stanley Kramer,USA
524,Stanley Kubrick,USA
525,George Kuchar,USA
526,Roger Kumble,USA
527,Akira Kurosawa,JAP
528,Kiyoshi Kurosawa,JAP
529,Emir Kusturica,SER
530,Stanley Kwan,HKG
531,Nadine Labaki,LEB
532,Neil LaBute,USA
533,Ringo Lam,HKG
534,John Landis,USA
535,Fritz Lang,GER
536,Walter Lang,USA
537,Rémi Lange,FRA
538,Claude Lanzmann,FRA
539,Janez Lapajne,SLV
540,David Lean,UK
541,Patrice Leconte,FRA
542,Ang Lee,TWN
543,Spike Lee,USA
544,Mike Leigh,UK
545,Danny Leiner,USA
546,Michael Lehmann,USA
547,Claude Lelouch,FRA
548,Umberto Lenzi,ITA
549,Sergio Leone,ITA
550,Robert Lepage,CAN
551,Mervyn LeRoy,USA
552,Richard Lester,USA
553,Barry Levinson,USA
554,Jerry Lewis,USA
555,Li Tie,CHI
556,Li Yang,CHI
557,Doug Liman,USA
558,Max Linder,FRA
559,Willy Lindwer,HOL
560,Richard Linklater,USA
561,Frank Lloyd,UK
562,Ken Loach,UK
563,Robert Longo,USA
564,Del Lord,CAN
565,Lou Ye,CHI
566,Ernst Lubitsch,GER
567,George Lucas,USA
568,Baz Luhrmann,AUS
569,Sidney Lumet,USA
570,Leopold Lummerstorfer,AUT
571,Ida Lupino,UK
572,Rod Lurie,USA
573,David Lynch,USA
574,Adrian Lyne,UK
575,Jonathan Lynn,UK
576,Kevin Macdonald,UK
577,Gustav Machaty,CHE
578,Alexander Mackendrick,USA
579,David Mackenzie,UK
580,Gillies MacKinnon,UK
581,Guy Maddin,CAN
582,Dusan Makavejev,SRB
583,Mohsen Makhmalbaf,IRA
584,William Malone,USA
585,Anna Odell,SWE
586,Károly Makk,HUN
587,Louis Malle,FRA
588,Terrence Malick,USA
589,Carlos Vermut,ESP
590,Manakis brothers,GRE
591,Milcho Manchevski,MAC
592,Luis Mandoki,MEX
593,Joseph Leo Mankiewicz,USA
594,Sandeep Marwah,IND
595,Anthony Mann,USA
596,Daniel Mann,USA
597,Delbert Mann,USA
598,Michael Mann,USA
599,Sophie Marceau,FRA
600,José Mojica Marins,BRA
601,Chris Marker,FRA
602,Laïla Marrakchi,MOR
603,Frank Marshall,USA
604,Garry Marshall,USA
605,George Marshall,USA
606,Neil Marshall,UK
607,Penny Marshall,USA
608,Marco Martins,POR
609,Nico Mastorakis,GRE
610,Yasuzo Masumura,JAP
611,Sean Mathias,UK
612,Leo McCarey,USA
613,Paul McGuigan,UK
614,John McKay,USA
615,Lucky McKee,USA
616,Norman McLaren,UK
617,John McTiernan,USA
618,Shane Meadows,UK
619,Sam Mendes,USA
620,Chris Menges,UK
621,Deepa Mehta,IND
622,Dariush Mehrjui,IRA
623,Fernando Meirelles,BRA
624,Georges Méliès,FRA
625,Saul Metzstein,UK
626,Russ Meyer,USA
627,Leah Meyerhoff,USA
628,Oscar Micheaux,USA
629,Roger Michell,SAF
630,Takashi Miike,JAP
631,Lewis Milestone,USA
632,John Milius,USA
633,Frank Miller,USA
634,George Miller,AUS
635,Kara Miller,JAM
636,Vincente Minnelli,USA
637,Anthony Minghella,UK
638,John Cameron Mitchell,USA
639,Noël Mitrani,CAN
640,Hayao Miyazaki,JAP
641,Kenji Mizoguchi,JAP
642,Pau Calpe,ESP
643,Lukas Moodysson,SWE
644,Alexander Moore,USA
645,Michael Moore,USA
646,Robert Moore,USA
647,Jacobo Morales,PUR
648,Nanni Moretti,ITA
649,Anders Morgenthaler,DAN
650,Errol Morris,USA
651,Greg Mottola,USA
652,Allan Moyle,CAN
653,Russell Mulcahy,AUS
654,Robert Mulligan,USA
655,Geoff Murphy,NZL
656,Ryan Murphy,USA
657,F. W. Murnau,GER
658,Daniel Myrick,USA
659,Amir Naderi,IRA
660,Mira Nair,IND
661,Hideo Nakata,JAP
662,Mikio Naruse,JAP
663,Vincenzo Natali,USA
664,Gregory Nava,USA
665,Laura Neri,ITA
666,Mike Newell,USA
667,Lionel Ngakane,SAF
668,Fred Niblo,USA
669,Andrew Niccol,NZL
670,Mike Nichols,USA
671,Jack Nicholson,USA
672,Rob Nilsson,USA
673,Marcus Nispel,GER
674,Gaspar Noé,ARG
675,Christopher Nolan,UK
676,Syed Noor,PAK
677,Matt Norman,AUS
678,Jehane Noujaim,USA
679,Phillip Noyce,AUS
680,Bruno Nuytten,FRA
681,Kingsley Ogoro,NIG
682,Izu Ojukwu,NIG
683,Kihachi Okamoto,JAP
684,Sidney Olcott,CAN
685,Manoel de Oliveira,POR
686,Gunnar Olsson,SWE
687,Max Ophüls,GER
688,Mamoru Oshi,JAP
689,Nagisa Oshima,JAP
690,Richard Oswald,AUT
691,Katsuhiro Otomo,JAP
692,Idrissa Ouedraogo,BRK
693,Cheick Oumar Sissoko,MAL
694,Frank Oz,USA
695,François Ozon,FRA
696,Yasujiro Ozu,JAP
697,Georg Wilhelm Pabst,AUT
698,P. Padmarajan,IND
699,Alan J. Pakula,USA
700,György Pálfi,HUN
701,Park Chan-Wook,KOR
702,Sergei Parajanov,RUS
703,Alan Parker,UK
704,Trey Parker,USA
705,Dean Parisot,USA
706,Reza Parsa,SWE
707,Gabriel Pascal,HUN
708,Goran Paskaljevic,SRB
709,Pier Paolo Pasolini,ITA
710,Ivan Passer,CHE
711,Anand Patwardhan,IND
712,Alexander Payne,USA
713,Raoul Peck,HAI
714,Sam Peckinpah,USA
715,Arthur Penn,USA
716,Sean Penn,USA
717,Ivan Perestiani,RUS
718,Lester James Peries,SRL
719,Léonce Perret,FRA
720,Wolfgang Petersen,GER
721,Elio Petri,ITA
722,Daniel Petrie,CAN
723,Maurice Pialat,FRA
724,Lucian Pintilie,ROM
725,Puttanna Kanagal,IND
726,Roman Polanski,POL
727,Sydney Pollack,USA
728,Kay Pollak,SWE
729,Ted Post,USA
730,Michael Powell,UK
731,Sally Potter,UK
732,Otto Preminger,AUT
733,Emeric Pressburger,HUN
734,Sarah Price,USA
735,Alex Proyas,AUS
736,Vsevolod Pudovkin,RUS
737,Brothers Quay,USA
738,Richard Quine,USA
739,Michael Radford,USA
740,Bob Rafelson,USA
741,Sam Raimi,USA
742,Yvonne Rainer,USA
743,Harold Ramis,USA
744,Mani Ratnam,IND
745,Brett Ratner,USA
746,Nicholas Ray,USA
747,Satyajit Ray,IND
748,Rick Ray,USA
749,Eric Red,USA
750,Robert Redford,USA
751,Carol Reed,USA
752,Matt Reeves,USA
753,Nicolas Winding Refn,DEN
754,Godfrey Reggio,USA
755,Carl Reiner,USA
756,Rob Reiner,USA
757,Karel Reisz,CHE
758,Jean Renoir,FRA
759,Alain Resnais,FRA
760,Ivan Reitman,USA
761,Jason Reitman,USA
762,Carlos Reygadas,MEX
763,John Rich,UK
764,Tony Richardson,UK
765,W. D. Richter,USA
766,Leni Riefenstahl,GER
767,Arturo Ripstein,MEX
768,Guy Ritchie,UK
769,Martin Ritt,USA
770,Jacques Rivette,FRA
771,Saeed Rizvi,IND
772,Jay Roach,USA
773,Alain Robbe-Grillet,FRA
774,Jerome Robbins,USA
775,Tim Robbins,USA
776,Bruce Robinson,UK
777,Phil Alden Robinson,USA
778,Mark Robson,CAN
779,Glauber Rocha,BRA
780,João Pedro Rodrigues,POR
781,Robert Rodriguez,USA
782,John Roecker,USA
783,Nicolas Roeg,UK
784,Éric Rohmer,FRA
785,George A. Romero,USA
786,Mikhail Romm,RUS
787,Bernard Rose,UK
788,Stuart Rosenberg,USA
789,Rick Rosenthal,USA
790,Herbert Ross,USA
791,Robert Rossen,USA
792,Roberto Rossellini,ITA
793,Eli Roth,USA
794,Patricia Rozema,CAN
795,Pavel Ruminov,RUS
796,David O. Russell,USA
797,Ken Russell,UK
798,Zbigniew Rybczyński,POL
799,Mark Rydell,USA
800,Bob Saget,USA
801,Walter Salles,BRA
802,Shakti Samanta,IND
803,Richard C. Sarafian,USA
804,Claude Sautet,FRA
805,Geoffrey Sax,UK
806,John Sayles,USA
807,John Scagliotti,USA
808,Ettore Scola,ITA
809,Martin Scorsese,USA
810,Leigh Scott,USA
811,Ridley Scott,USA
812,Tony Scott,USA
813,Franklin Schaffner,USA
814,Frank Scheffer,GER
815,Fred Schepisi,AUS
816,Kyle Schickner,USA
817,Thomas Schlamme,USA
818,John Schlesinger,USA
819,Volker Schlöndorff,GER
820,Julian Schnabel,USA
821,Renen Schorr,ISR
822,Barbet Schroeder,IRA
823,Werner Schroeter,GER
824,Joel Schumacher,USA
825,George Seaton,USA
826,Henry Selick,USA
827,Selvaraghavan,IND
828,Ousmane Sembene,SEN
829,Mrinal Sen,IND
830,Mack Sennett,CAN
831,Tom Shadyac,USA
832,Jim Sharman,AUS
833,William Shatner,CAN
834,Ron Shelton,USA
835,Larisa Shepitko,UKR
836,Jim Sheridan,IRL
837,Gary Sherman,USA
838,Cate Shortland,AUS
839,M. Night Shyamalan,IND
840,George Sidney,USA
841,Don Siegel,USA
842,Yves Simoneau,CAN
843,Bryan Singer,USA
844,Jörg Adolph,GER
845,Tarsem Singh,IND
846,John Singleton,USA
847,Robert Siodmak,GER
848,Douglas Sirk,GER
849,Victor Sjöström,SWE
850,Jerzy Skolimowski,POL
851,Yannis Smaragdis,GRE
852,Harry Smith,USA
853,Kevin Smith,USA
854,Adam Smoluk,CAN
855,Michael Snow,CAN
856,Michele Soavi,ITA
857,Steven Soderbergh,USA
858,Todd Solondz,USA
859,Stephen Sommers,USA
860,Barry Sonnenfeld,USA
861,Shion Sono,JAP
862,Aleksandr Sokurov,RUS
863,Penelope Spheeris,USA
864,Steven Spielberg,USA
865,Alejandro Springall,MEX
866,John M. Stahl,AZE
867,Sylvester Stallone,USA
868,Ladislas Starevich,POL
869,Josef von Sternberg,AUT
870,George Stevens,USA
871,Robert Stevenson,USA
872,Mauritz Stiller,SWE
873,Whit Stillman,USA
874,Oliver Stone,USA
875,Jean-Marie Straub,FRA
876,Barbra Streisand,USA
877,Erich von Stroheim,AUT
878,John Sturges,USA
879,Preston Sturges,USA
880,Jan Švankmajer,CHE
881,Sun Yu,CHI
882,István Szabó,HUN
883,Arne Sucksdorff,SWE
884,Seijun Suzuki,JAP
885,Tate Taylor,USA
886,Hans-Jürgen Syberberg,GER
887,Khady Sylla,SEN
888,Robert Machoian,USA
889,Rachel Talalay,USA
890,Lee Tamahori,NZL
891,Alain Tanner,SWI
892,Danis Tanovic,BOS
893,Andrei Tarkovsky,RUS
894,Quentin Tarantino,USA
895,Bela Tarr,HUN
896,Frank Tashlin,USA
897,Jacques Tati,FRA
898,Norman Taurog,USA
899,Bertrand Tavernier,FRA
900,Lewis Teague,USA
901,André Téchiné,FRA
902,Julien Temple,UK
903,Andy Tennant,USA
904,J. Lee Thompson,UK
905,Richard Thorpe,USA
906,Tian Zhuangzhuang,CHI
907,"George Tillman, Jr.",USA
908,Johnnie To,HKG
909,James Toback,USA
910,Giuseppe Tornatore,ITA
911,André de Toth,USA
912,Jacques Tourneur,FRA
913,Maurice Tourneur,FRA
914,David Trainer,USA
915,Pablo Trapero,ARG
916,Scott Treleaven,CAN
917,Lars von Trier,DEN
918,Jan Troell,SWE
919,Margarethe von Trotta,GER
920,François Truffaut,FRA
921,Ming-liang Tsai,TWN
922,Tsui Hark,VIE
923,Shinya Tsukamoto,JAP
924,Jon Turteltaub,USA
925,Tom Tykwer,GER
926,Edgar G. Ulmer,CHE
927,Ron Underwood,USA
928,Kinka Usher,FRA
929,Peter Ustinov,UK
930,Roger Vadim,FRA
931,Luis Valdez,USA
932,Mike van Diem,HOL
933,Erik Van Looy,BEL
934,Melvin Van Peebles,USA
935,Gus Van Sant,USA
936,Agnès Varda,FRA
937,Ram Gopal Varma,IND
938,Gore Verbinski,USA
939,Paul Verhoeven,HOL
940,Dziga Vertov,RUS
941,Charles Vidor,HUN
942,King Vidor,USA
943,Robert G. Vignola,USA
944,Jean Vigo,FRA
945,Thomas Vinterberg,DEN
946,Luchino Visconti,ITA
947,Jurgen Vsych,USA
948,Wachowski brothers,USA
949,Michael Wadleigh,USA
950,Wai Ka-Fai,HKG
951,Andrzej Wajda,POL
952,Randall Wallace,USA
953,Raoul Walsh,USA
954,James Wan,MAL
955,Wan brothers,CHI
956,Sam Wanamaker,USA
957,Wang Xiaoshuai,CHI
958,Wang Quan'an,CHI
959,Vincent Ward,NZL
960,Andy Warhol,USA
961,Denzel Washington,USA
962,John Waters,USA
963,Peter Watkins,UK
964,Apichatpong Weerasethakul,THA
965,Peter Weir,AUS
966,Chris Weitz,USA
967,Paul Weitz,USA
968,Orson Welles,USA
969,Wim Wenders,GER
970,Lina Wertmueller,ITA
971,James Whale,UK
972,Bo Widerberg,SWE
973,Michael Winterbottom,UK
974,Billy Wilder,USA
975,Adim Williams,NIG
976,Richard Williams,CAN
977,William Witney,USA
978,Henry Winkler,USA
979,Simon Wincer,AUS
980,Michael Winner,UK
981,David Winning,CAN
982,Michael Winterbottom,
983,Robert Wise,USA
984,Frederick Wiseman,USA
985,Len Wiseman,USA
986,Doris Wishman,USA
987,Kar-wai Wong,CHI
988,John Woo,CHI
989,"Edward D. Wood, Jr.",USA
990,Sam Wood,USA
991,Edgar Wright,UK
992,William Wyler,USA
993,Xie Jin,CHI
994,Boaz Yakin,USA
995,Edward Yang,TWN
996,Ruby Yang,HKG
997,David Yates,UK
998,Peter Yates,UK
999,Yaky Yosha,ISR
1000,Yamada Youji,JAP
1001,Sun Yu,CHI
1002,Yuen Woo-ping,CHI
1003,Brian Yuzna,USA
1004,Krzysztof Zanussi,POL
1005,Franco Zeffirelli,ITA
1006,Robert Zemeckis,USA
1007,Zhang Yang,CHI
1008,Zhang Yimou,CHI
1009,Zhang Yuan,CHI
1010,Zheng Junli,CHI
1011,Maheen Zia,PAK
1012,Howard Zieff,USA
1013,Zelimir Zilnik,SRB
1014,Fred Zinnemann,AUT
1015,Rob Zombie,USA
1016,Erick Zonca,FRA
1017,Zucker brothers,USA
1018,Andrzej Żuławski,POL
1019,Edward Zwick,USA
1020,Terry Zwigoff,USA
1021,Richard Marquand,UK
1022,Irvin Kershner,USA
1023,Jon Avnet,USA
1024,James Mangold,USA
1025,Gregory Hoblit,USA
1026,Jeremiah Chechik,CAN
1027,Arne Glimcher,USA
1028,Antonio Banderas,ESP
1029,Fernando Trueba,ESP
1030,Ted Kotcheff,CAN
1031,Peter MacDonald,UK
1032,Andrei Konchalovsky,RUS
1033,Marco Brambilla,ITA
1034,Danny Cannon,USA
1035,Achero Mañas,ESP
1036,Iciar Bollain,ESP
1037,Peter Markle,USA
1038,Jonathan Mostow,USA
1039,John Herzfeld,USA
1040,Mimi Leder,USA
1041,Iain Softley,USA
1042,Fernando León de Aranoa,ESP
1043,Billy Crystal,USA
1044,Chuck Russell,USA
1045,Stacy Title,USA
1046,Steve Oedekerk,USA
1047,Scott Sanders,USA
1048,Peter Segal,USA
1049,Sharon Maguire,UK
1050,Kevin Reynolds,USA
1051,Jessie Nelson,USA
1052,David Mirkin,USA
1053,Jon Amiel,UK
1054,Michael Caton-Jones,UK
1055,Jean-Paul Rappeneau,FRA
1056,Marc Rocco,USA
1057,Rob Marshall,USA
1058,James Bridges,USA
1059,Harold Becker,USA
1060,Juan Carlos Fresnadillo,ESP
1061,Emilio Martínez-Lázaro,ESP
1062,David Serrano,ESP
1063,Javier Rebollo,ESP
1064,Juanma Bajo Ulloa,ESP
1065,Luis Llosa,PER
1066,Albert Pyun,USA
1067,Steven Brill,USA
1068,Philip Saville,UK
1069,Jerry Zucker,USA
1070,Andrew Bergman,USA
1071,Brian Gibson,UK
1072,David Anspaugh,USA
1073,Ben Stiller,USA
1074,Amy Heckerling,USA
1075,Tom Ropelewski,USA
1076,Simon West,USA
1077,Mick Jackson,UK
1078,Richard Benjamin,USA
1079,Steve Miner,USA
1080,Mort Nathan,USA
1081,Jay Chandrasekhar,USA
1082,Todd Phillips,USA
1083,Nancy Meyers,USA
1084,Peter Cattaneo,UK
1085,Pete Docter,USA
1086,Lee Unkrich,USA
1087,David Silverman,USA
1088,Adolfo Aristarain,ARG
1089,Vicky Jenson,USA
1090,John Musker,USA
1091,Ron Clements,USA
1092,Rob Minkoff,USA
1093,Roger Allers,USA
1094,Daniel Monzón,ESP
1095,Takashi Shimizu,JAP
1096,Simon Wells,UK
1097,Stephen Herek,USA
1098,Betty Thomas,USA
1099,Chris Wedge,USA
1100,Carlos Saldanha,BRA
1101,Randal Kleiser,USA
1102,Gary Trousdale,USA
1103,Kirk Wise,USA
1104,Gerardo Vera,ESP
1105,Annabel Jankel,UK
1106,Rocky Morton,UK
1107,David McNally,UK
1108,Brian Levant,USA
1109,Steve Rash,USA
1110,Emile Ardolino,USA
1111,Nick Hamm,USA
1112,Gary David Goldberg,USA
1113,P.J. Hogan,AUS
1114,Albert Saguer,ESP
1115,Nacho Pérez de la Paz,ESP
1116,Jesús Ruiz,ESP
1117,Paco Mir,ESP
1118,Pascal Jongen,ESP
1119,Carlo Vanzina,ITA
1120,Andrew Stanton,USA
1121,Antonio Hernández,ESP
1122,Benito Zambrano,ESP
1123,John Madden,UK
1124,Sheldon Lettich,USA
1125,Steven E. de Souza,USA
1126,Steve Barron,IRL
1127,Michael Pressman,USA
1128,Harvey Miller,USA
1129,David Koepp,USA
1130,George Sluizer,HOL
1131,Daniel Calparsoro,ESP
1132,Enrique Urbizu,ESP
1133,John N. Smith,CAN
1134,Miguel Bardem,ESP
1135,Jorge Iglesias,ESP
1136,Nicole Garcia,FRA
1137,Joseph Sargent,USA
1138,John Glen,UK
1139,Roger Spottiswoode,CAN
1140,Tom Dey,USA
1141,Davis Guggenheim,USA
1142,Joseph Ruben,USA
1143,Jaume Balagueró,ESP
1144,Gary Fleder,USA
1145,Rowdy Herrington,USA
1146,Rob Bowman,USA
1147,David Swift,UK
1148,Martyn Burke,CAN
1149,Julio Medem,ESP
1150,Miguel Albaladejo,ESP
1151,Paul Brickman,USA
1152,Rod Daniel,USA
1153,David Zucker,USA
1154,Laurent Cantet,FRA
1155,Jim Gillespie,UK
1156,James Wong,USA
1157,Pat O'Connor,IRL
1158,Paul W.S. Anderson,UK
1159,Carl Schenkel,SWI
1160,Stephen Metcalfe,USA
1161,Nick Hurran,UK
1162,Benjamin Ross,UK
1163,Bill Paxton,USA
1164,Joaquim Jorda,ESP
1165,Brian Gilbert,UK
1166,Roland Joffe,UK
1167,Mark Mylod,UK
1168,Pitof,FRA
1169,Cesc Gay,ESP
1170,Bigas Luna,ESP
1171,Leonard Nimoy,USA
1172,Joe Roth,USA
1173,John Lasseter,USA
1174,Ash Brannon,USA
1175,Joe Pytka,USA
1176,Beeban Kidron,UK
1177,Paul Schrader,USA
1178,Jonas Pate,USA
1179,Josh Pate,USA
1180,Alan Rudolph,USA
1181,Santiago Segura,ESP
1182,Steve Carr,USA
1183,Joaquin Oristrell,ESP
1184,Henry Bean,USA
1185,Jake Kasdan,USA
1186,Marcelo Piñeyro,ARG
1187,John Swanbeck,USA
1188,Gary Ross,USA
1189,Mark Steven Johnson,USA
1190,Javier Fesser,ESP
1191,Katia Lund,BRA
1192,Ferzan Ozpetek,TUR
1193,Steven Lisberger,USA
1194,Bryan Spicer,USA
1195,Oliver Hirschbiegel,GER
1196,Barry Skolnick,USA
1197,Robert Butler,USA
1198,Bill Duke,USA
1199,Mariano Barroso,ESP
1200,Diego Arsuaga,URU
1201,Rodrigo Garcia,COL
1202,Jesus Bonilla,ESP
1203,Gregory Mosher,USA
1204,Jean-Pierre Sinapi,FRA
1205,Anthony Harvey,USA
1206,Jim McBride,USA
1207,Les Mayfield,USA
1208,Kevin Hooks,USA
1209,Michael Anderson,UK
1210,Nicolas Philibert,FRA
1211,Alvaro Saenz de Heredia,ESP
1212,Lone Scherfig,DEN
1213,Charles Herman-Wurmfeld,USA
1214,Vicente Aranda,ESP
1215,Lauren Hadaway,USA
1216,Howard Franklin,USA
1217,Mark Romanek,USA
1218,Eric Darnell,USA
1219,Tim Johnson,USA
1220,Philip Haas,USA
1221,Feng Xiaogang,CHI
1222,Tricicle,ESP
1223,José Luis Cuerda,ESP
1224,Marc Caro,FRA
1225,John Moore,IRL
1226,Clive Donner,UK
1227,Ben Sharpsteen,USA
1228,Barbara Kopple,USA
1229,Andrew Jarecki,USA
1230,Bruno Stagnaro,ARG
1231,Israel Adrian Caetano,URU
1232,Agnes Jaoui,FRA
1233,Joseph Vilsmaier,GER
1234,Bruce Malmuth,USA
1235,David Trueba,ESP
1236,Petter Naess,NOR
1237,Pedro Olea,ESP
1238,Peter Howitt,UK
1239,Ron Fricke,USA
1240,Marleen Gorris,HOL
1241,Alberto Arvelo Mendoza,VEN
1242,Peter Mullan,UK
1243,Antonia Bird,UK
1244,Cedric Khan,FRA
1245,Brad Anderson,USA
1246,Gabriel Axel,DEN
1247,Callie Khouri,USA
1248,Miguel Courtois,FRA
1249,David Twohy,USA
1250,Mel Smith,UK
1251,Ray Lawrence,AUS
1252,Steven Zaillian,USA
1253,Fernando Fernán Gómez,ESP
1254,Isabel Coixet,ESP
1255,Joel Zwick,USA
1256,Stephen Norrington,UK
1257,Andrey Zvyagintsev,RUS
1258,Anthony Russo,USA
1259,Joe Russo,USA
1260,Mateo Gil,ESP
1261,Tim Blake Nelson,USA
1262,Irwin Winkler,USA
1263,Stephen Daldry,UK
1264,Juan Pablo Rebella,URU
1265,Pablo Stoll,URU
1266,Jonathan Kaplan,USA
1267,Terry George,IRL
1268,Gary Oldman,UK
1269,Rintaro,JAP
1270,John McNaughton,USA
1271,Wu Tianming,CHI
1272,David Mamet,USA
1273,Antonio Mercero,ESP
1274,Paolo Taviani,ITA
1275,Vittorio Taviani,ITA
1276,Keith Fulton,USA
1277,Louis Pepe,USA
1278,Daniel Lind Lagerlof,SWE
1279,Laura Mañá,ESP
1280,Peyton Reed,USA
1281,Peter Berg,USA
1282,Ian MacNaughton,UK
1283,Luis Puenzo,ARG
1284,Robert Pulcini,USA
1285,Shari Springer Berman,USA
1286,Rene Goscinny,FRA
1287,Albert Uderzo,FRA
1288,Peter Webber,UK
1289,Patricia Cardoso,COL
1290,Hannes Stohr,GER
1291,Robert Guediguian,FRA
1292,Simon Shore,UK
1293,J.B. Rogers,USA
1294,Daniel Algrant,USA
1295,Mark DiSalle,USA
1296,David Worth,USA
1297,Sergey Bodrov,RUS
1298,Lucrecia Martel,ARG
1299,Wayne Wang,USA
1300,Michael Tollin,USA
1301,Franc Roddam,UK
1302,Cedric Klapisch,FRA
1303,Jose Luis Borau,ESP
1304,Sergio Cabrera,COL
1305,Fernando Perez,CUB
1306,Otar Iosseliani,GEO
1307,Dominic Sena,USA
1308,Marion Hansel,BEL
1309,Judith Colell,ESP
1310,Pablo Berger,ESP
1311,Luis Estrada,MEX
1312,Lucho Bender,ARG
1313,Ed Harris,USA
1314,Asif Kapadia,UK
1315,Francis Lawrence,USA
1316,Steven Shainberg,USA
1317,Philippe Harel,FRA
1318,Jean-Claude Lauzon,CAN
1319,Eterio Ortega Santillana,ESP
1320,Yvan Attal,FRA
1321,Veit Helmer,GER
1322,Alejandro Doria,ARG
1323,Santiago Aguilar,ESP
1324,Luis Guridi,ESP
1325,La Cuadrilla,ESP
1326,Soren Kragh-Jacobsen,DEN
1327,Jay Sandrich,USA
1328,Jan Sverak,CHE
1329,Felix Sabroso,ESP
1330,Dunia Ayaso,ESP
1331,Metodi Andonov,BUL
1332,Billy Bob Thornton,USA
1333,Sebastian Cordero,COL
1334,Jafar Panahi,IRA
1335,Ermanno Olmi,ITA
1336,Joseph Santley,USA
1337,Robert Florey,FRA
1338,Tony Bui,VIE
1339,Jean-Pierre Dardenne,BEL
1340,Luc Dardenne,BEL
1341,Tom Stoppard,UK
1342,Majid Majidi,IRA
1343,Isao Takahata,JAP
1344,Gerardo Herrero,ESP
1345,Chema de la Peña,USA
1346,Peter Medak,HUN
1347,Sandra Nettelbeck,GER
1348,James Foley,USA
1349,Jim Abrahams,USA
1350,Eliseo Subiela,ARG
1351,Vadim Perelman,USA
1352,Liv Ullmann,SWE
1353,Hardy Martins,GER
1354,Michael Kalesniko,CAN
1355,Matt Stone,USA
1356,Josef Fares,SWE
1357,Andres Wood,CHL
1358,Morgan Spurlock,USA
1359,Peter Care,UK
1360,Albert Boadella,ESP
1361,Moussa Sene Absa,SEN
1362,Fernando Colomo,ESP
1363,Roberto Faenza,ITA
1364,Peter Collinson,UK
1365,Serif Goren,TUR
1366,Dai Sijie,CHI
1367,Valerio Zurlini,ITA
1368,Ramón de España,ESP
1369,Eric Bress,USA
1370,J. Mackye Gruber,USA
1371,Dominik Moll,FRA
1372,Montxo Armendariz,ESP
1373,Jeroen Krabbe,HOL
1374,Tom DiCillo,USA
1375,Tom McCarthy,USA
1376,Pen-Ek Ratanaruang,TAI
1377,Daniel Burman,ARG
1378,Liliana Cavani,ITA
1379,Carlos Saura,ESP
1380,Bob Koherr,USA
1381,Siddiq Barmak,AFG
1382,Michael Ocelot,FRA
1383,Aisling Walsh,IRL
1384,Stanley Tucci,USA
1385,Luc Jacquet,FRA
1386,Jorgen Leth,DAN
1387,Tom Holland,UK
1388,Hannu Salonen,FIN
1389,Eduardo Mignogna,ARG
1390,Mark Pellington,USA
1391,Dalton Trumbo,USA
1392,Keenen Ivory Wayans,USA
1393,Tristan Bauer,ARG
1394,Jorge Fons,MEX
1395,Jean-Pierre Melville,FRA
1396,Gregor Schnitzler,GER
1397,Juan Antonio Bardem,ESP
1398,Herbert J. Biberman,USA
1399,Jean-François Pouliot,CAN
1400,Richard Rush,USA
1401,Michael Polish,USA
1402,Patricio Guzman,CHI
1403,Larry Charles,USA
1404,Dino Risi,ITA
1405,Burr Steers,USA
1406,Juan José Jusid,ARG
1407,Christopher Guest,USA
1408,Joseph Losey,UK
1409,Jan Cvitkovic,SLO
1410,Liu Chia-Liang,CHI
1411,Francisco J. Lombardi,PER
1412,José Luis Garci,ESP
1413,Catherine Hardwicke,USA
1414,Antonio Giménez Rico,ESP
1415,Gabriele Salvatores,ITA
1416,Robin Hardy,UK
1417,Andre Delvaux,BEL
1418,James McTeigue,AUS
1419,Stephen Hillenburg,USA
1420,Mark Osborne,USA
1421,Ethan Coen,USA
1422,François Dupeyron,FRA
1423,Toshio Masuda,JAP
1424,Jose Antonio Nieves Conde,ESP
1425,Manuel Matji,ESP
1426,Benoit Poelvoorde,BEL
1427,André Bonzel,FRA
1428,Rémy Belvaux,BEL
1429,Darren Lynn Bousman,USA
1430,Aleksei Popogrebsky,RUS
1431,Boris Khlebnikov,RUS
1432,Agustín Diaz Yanes,ESP
1433,Julie Taymor,USA
1434,Carl Franklin,USA
1435,Karyn Kusama,USA
1436,Jill Sprecher,USA
1437,Kristian Levring,DEN
1438,Geoffrey Wright,AUS
1439,Damian Szifron,ARG
1440,Jerry Schatzberg,USA
1441,Jiri Menzel,CHE
1442,Stephen T. Kay,USA
1443,Miguel Littin,CHL
1444,Juan Carlos Tabío,CUB
1445,Hans Petter Moland,NOR
1446,Ventura Pons,ESP
1447,Sergio Castellitto,ITA
1448,Jorge Sanjinés,BOL
1449,Tran Anh Hung,VIE
1450,Rob Letterman,USA
1451,Bibo Bergeron,FRA
1452,Victor Heerman,USA
1453,Sergio Arau,MEX
1454,Ulrich Seidl,AUT
1455,Jaco Van Dormael,BEL
1456,Hiner Saleem,IRK
1457,Beto Brant,BRA
1458,Hans Weingartner,AUT
1459,José Luis Guerín,ESP
1460,Prachya Pinkaew,TAI
1461,Mehdi Charef,FRA
1462,Noah Baumbach,USA
1463,Gerard Corbiau,BEL
1464,Hubert Sauper,AUT
1465,Jose Giovanni,FRA
1466,Rawson Marshall Thurber,USA
1467,Louis Leterrier,FRA
1468,Michael Ritchie,USA
1469,Dominique Forma,FRA
1470,Ruth Mader,AUT
1471,François Girard,FRA
1472,James Yukich,USA
1473,Ademir Kenovic,BOS
1474,Patricia Ferreira,ESP
1475,Pieter Jan Brugge,HOL
1476,Wojciech Has,POL
1477,Stephen Gaghan,USA
1478,Norman Z. McLeod,USA
1479,Douglas Hickox,UK
1480,Max Farberbrock,GER
1481,Joshua Marston,USA
1482,Isao Yukisada,JAP
1483,Hector Olivera,ARG
1484,Ake Sandgren,SWE
1485,Fenton Bailey,UK
1486,Randy Barbato,USA
1487,Hugh Wilson,USA
1488,Francis Veber,FRA
1489,Lisa Cholodenko,USA
1490,Beatriz Flores Silva,URU
1491,Joao Cesar Monteiro,POR
1492,Steve Buscemi,USA
1493,Jean Becker,FRA
1494,Vincenzo Marra,ITA
1495,Peter Hedges,USA
1496,Christophe Barratier,FRA
1497,Christian Carion,FRA
1498,Tod Williams,USA
1499,Masaki Kobayashi,JAP
1500,Giovanni Veronesi,ITA
1501,Etienne Chatiliez,FRA
1502,Gary Walkow,USA
1503,Gillo Pontecorvo,ITA
1504,Gerardo Olivares,ESP
1505,Mario Monicelli,ITA
1506,Mario Camus,ESP
1507,Nanni Loy,ITA
1508,Valerie Faris,USA
1509,Cary Medoway,USA
1510,Helmut Dietl,GER
1511,Paul Haggis,USA
1512,Bennett Miller,USA
1513,Cristi Puiu,ROM
1514,Omar Naïm,LEB
1515,Fernando Musa,ARG
1516,Chus Gutierrez,ESP
1517,Pere Portabella,ESP
1518,Jean-Marc Vallée,CAN
1519,Charles Shyer,USA
1520,E. Elias Merhige,USA
1521,John Polson,AUS
1522,Edward Buzzell,USA
1523,Basilio Martín Patino,ESP
1524,Fax Bahr,USA
1525,Dito Montiel,USA
1526,Miguel M. Delgado,MEX
1527,Olivier Assayas,FRA
1528,Francesco Rosi,ITA
1529,Christophe Gans,FRA
1530,John Maybury,UK
1531,Joe Berlinger,USA
1532,Bruce Sinofsky,USA
1533,Eric Goldberg,USA
1534,John Hough,UK
1535,Vitali Kanevsky,RUS
1536,Carlos Sorin,ARG
1537,Manuel Martín Cuenca,ESP
1538,Marcos Carnevale,ARG
1539,Robert Schwentke,GER
1540,Tassos Boulmetis,GRE
1541,Thomas Carter,USA
1542,David R. Ellis,USA
1543,Oskar Roehler,GER
1544,Claude Zidi,FRA
1545,David Dobkin,USA
1546,Nikita Mikhalkov,RUS
1547,Radu Mihaileanu,ROM
1548,Allison Anders,USA
1549,Alexandre Rockwell,USA
1550,Ricardo Larrain,CHL
1551,Mikael Håfström,SWE
1552,Raoul Ruiz,CHL
1553,David Ayer,USA
1554,Anders Thomas Jensen,DAN
1555,Hany Abu-Assad,PAL
1556,Marco Tullio Giordana,ITA
1557,Claude Nuridsany,FRA
1558,Marie Perennou,FRA
1559,Chris Kentis,USA
1560,Jean-Pierre Ameris,FRA
1561,Timur Bekmambetov,KAZ
1562,Rodrigo Cortés,ESP
1563,Juraj Herz,CHE
1564,Lisandro Alonso,ARG
1565,Christian Frei,SWI
1566,Ivan Zulueta,ESP
1567,Douglas Buck,USA
1568,Nicole Kassell,USA
1569,Doris Dorrie,GER
1570,Billy Ray,USA
1571,Nimrod Antal,USA
1572,Shunji Iwai,JAP
1573,Victor Gaviria,COL
1574,Gavin Hood,SAF
1575,Zach Braff,USA
1576,Paolo Cavara,ITA
1577,Gualtiero Jacopetto,ITA
1578,Franco Prosperi,ITA
1579,Michael Corrente,USA
1580,Rajko Grlic,CRO
1581,Jasmila Zbanic,BOS
1582,Jake Scott,UK
1583,Russell Mulcahy,AUS
1584,Aku Louhimies,FIN
1585,Buddy Van Horn,USA
1586,William Karel,FRA
1587,Andrzej Munk,POL
1588,Henri Verneuil,FRA
1589,Victor Salva,USA
1590,Alejandro Lozano,MEX
1591,Kurt Wimmer,USA
1592,Richard LaGravenese,USA
1593,Leon Ichaso,CUB
1594,Jason Kohn,USA
1595,Patrice Chereau,FRA
1596,Alan Taylor,USA
1597,Guillaume Canet,FRA
1598,Aleksandr Rogozhkin,RUS
1599,Shane Black,USA
1600,Dito Tsintsadze,GEO
1601,Xavier Koller,SWI
1602,Leon Gast,USA
1603,Darezhan Omirbayev,KAZ
1604,Jaime de Armiñan,USA
1605,Benoît Delépine,FRA
1606,Gustave Kervern,FRA
1607,Brad McGann,NZL
1608,Jasmin Dizdar,BOS
1609,Maria Ripoll,ESP
1610,Lee Chang-Dong,KOR
1611,Pete Michels,USA
1612,Bohdan Sláma,CHE
1613,Bo Arne Vibenius,SWE
1614,Jorge Sanchez-Cabezudo,ESP
1615,Manuel Poirier,FRA
1616,Khyentse Norbu,BHU
1617,Leonardo Di Cesare,ARG
1618,Dorota Kedzierzawska,POL
1619,Andrew Leman,USA
1620,Kirk Jones,USA
1621,Philippe Lioret,FRA
1622,Dwayne Carey-Hill,USA
1623,Gabriele Muccino,ITA
1624,Edouard Molinaro,FRA
1625,Saverio Costanzo,ITA
1626,Jens Lien,NOR
1627,Wisit Sasanatieng,TAI
1628,Shinji Higuchi,JAP
1629,Dominic Polcino,USA
1630,Danièle Thompson,MCO
1631,Hugh Hudson,UK
1632,Lee Jeong-hyang,KOR
1633,David Frankel,USA
1634,Dusan Kovacevic,SRB
1635,Matthew Vaughn,UK
1636,Josue Mendez,PER
1637,Per Fly,DAN
1638,Rose Troche,USA
1639,Michael Davis,USA
1640,Matteo Garrone,ITA
1641,Alain Berberian,FRA
1642,Arnaud Desplechin,FRA
1643,Luis Piedrahita,ESP
1644,Rodrigo Sopeña,ESP
1645,Lu Chuan,CHI
1646,Chris Weitz,USA
1647,Terry Hughes,UK
1648,Manuel Huerga,ESP
1649,Craig Gillespie,AUS
1650,J.D. Wallovits,ARG
1651,Roger Gual,ESP
1652,Richard Shepard,USA
1653,Lajos Koltai,HUN
1654,Roar Uthaug,NOR
1655,Rithy Panh,CMB
1656,Frank Cappello,USA
1657,Martin McDonagh,UK
1658,Olivier Marchal,FRA
1659,Steve De Jarnatt,USA
1660,Peter Avanzino,USA
1661,David Slade,UK
1662,John Carney,IRL
1663,Tony Gilroy,USA
1664,Arie Posin,ISR
1665,Christian Alvart,GER
1666,Simon Brand,COL
1667,Cristian Mungiu,ROM
1668,Koldo Serra,ESP
1669,Paco Plaza,ESP
1670,Nikolaus Geyrhalter,AUT
1671,Rudolf Thome,GER
1672,Pete Travis,UK
1673,Neil Burger,USA
1674,Darren Lynn Bousman,USA
1675,Julian Gilbey,UK
1676,Adam Shankman,USA
1677,Ben Affleck,USA
1678,José Corbacho,ESP
1679,Kevin Willmott,USA
1680,David de Vries,NZL
1681,Jonathan King,NZL
1682,Tommy O'Haver,USA
1683,Xavier Gens,FRA
1684,Mike Barker,UK
1685,Chris Miller,USA
1686,Laís Bodanzky,BRA
1687,David Bowers,UK
1688,Sam Fell,UK
1689,Craig Brewer,USA
1690,Isabelle Mergault,FRA
1691,Marjane Satrapi,IRA
1692,Vincent Paronnaud,FRA
1693,Nacho G. Velilla,ESP
1694,Guillermo Casanova,URU
1695,Chris Carter,USA
1696,SABU,JAP
1697,Christoffer Boe,DEN
1698,Liev Schreiber,USA
1699,Marina Zenovich,USA
1700,Stefan Ruzowitzky,AUT
1701,Matthew O'Callaghan,USA
1702,Todd Wilderman,USA
1703,Julie Lipinski,FRA
1704,Mike Binder,USA
1705,Katsuhito Ishii,JAP
1706,Manuel Pradal,FRA
1707,Bouli Lanners,BEL
1708,Susannah Grant,USA
1709,Niels Mueller,USA
1710,Jose Padilha,BRA
1711,Yilmaz Arslan,GER
1712,Juan Diego Solanas,ARG
1713,Marc Lawrence,USA
1714,Patrick Stettner,USA
1715,Tomas Alfredson,SWE
1716,Mike Mills,USA
1717,Philippe Grandrieux,FRA
1718,Paolo Barzman,CAN
1719,James Gray,USA
1720,Pierre Morel,FRA
1721,Douglas McGrath,USA
1722,Ari Folman,ISR
1723,Dan Harris,USA
1724,Christian Volckman,FRA
1725,Avi Lewis,CAN
1726,Narciso Ibáñez Serrador,ESP
1727,Niels Arden Oplev,SWE
1728,Georgi Daneliya,GEO
1729,Yesim Ustaoglu,TUR
1730,Jon Favreau,USA
1731,Raúl Perrone,ARG
1732,Rick Famuyiwa,USA
1733,Vincent Gallo,USA
1734,Karen Moncrieff,USA
1735,Rian Johnson,USA
1736,Aitzol Aramaio,ESP
1737,Charlie Kaufman,USA
1738,Yōjirō Takita,JAP
1739,Laurent Herbiet,FRA
1740,Harry Kümel,BEL
1741,David Wain,USA
1742,Bob Peterson,USA
1743,Chris Buck,USA
1744,Duncan Tucker,USA
1745,Šarūnas Bartas,LIT
1746,Rachid Bouchareb,ALG
1747,Yves Robert,FRA
1748,Ciro Guerra,COL
1749,Steve Hickner,USA
1750,Jon Hurwitz,USA
1751,Hayden Schlossberg,USA
1752,Manuel Gutiérrez Aragón,ESP
1753,Michael Clancy,USA
1754,Kevin Spacey,USA
1755,Dany Boon,FRA
1756,Joshua Seftel,USA
1757,Dennis Gansel,GER
1758,Richard Dembo,FRA
1759,Antonello Grimaldi,ITA
1760,Lodge Kerrigan,USA
1761,Ronny Yu,HKG
1762,Santiago A. Zannou,ESP
1763,Ricardo Darín,ARG
1764,Mennan Yapo,GER
1765,Tommy Lee Jones,USA
1766,Mabrouk El Mechri,BEL
1767,Max Lemcke,ESP
1768,Emmanuel Carrere,FRA
1769,Tamara Jenkins,USA
1770,Borja Cobeaga,ESP
1771,John Glenn,USA
1772,John Crowley,IRL
1773,Ruben Fleischer,USA
1774,Daryl Duke,CAN
1775,Bryan Bertino,USA
1776,Lenny Abrahamson,IRL
1777,Isaki Lacuesta,ESP
1778,Chu Yen-Ping,HKG
1779,Scott Lew,USA
1780,Jacques Deray,FRA
1781,Armando Iannucci,UK
1782,Adam McKay,USA
1783,Alex Gibney,USA
1784,John Patrick Shanley,USA
1785,Géla Babluani,GEO
1786,Alex Holdridge,USA
1787,Gavin O'Connor,USA
1788,Robert Harmon,USA
1789,Gerald Kargl,AUT
1790,Götz Spielmann,AUT
1791,Jaume Collet-Serra,ESP
1792,Steve Jacobs,AUS
1793,Jeremy Brock,UK
1794,Joe Carnahan,USA
1795,Alex Pastor,ESP
1796,David Pastor,ESP
1797,Javier Ruiz Caldera,ESP
1798,Phil Lord,USA
1799,Christopher Miller,USA
1800,Neill Blomkamp,SAF
1801,Clark Gregg,USA
1802,Nacho Vigalondo,ESP
1803,Richard Schenkman,USA
1804,Nick Park,UK
1805,Peter Lord,UK
1806,Jeffrey Nachmanoff,USA
1807,John Hillcoat,USA
1808,Jean-François Richet,FRA
1809,Rémi Bezançon,FRA
1810,Kunio Kato,JAP
1811,Emilio Estévez,USA
1812,Oren Peli,ISR
1813,John Erick Dowdle,USA
1814,Jonny Campbell,UK
1815,Courtney Hunt,USA
1816,Sean Ellis,UK
1817,Edi Flehner,ARG
1818,Konstantin Lopushansky,RUS
1819,Marcos Jorge,BRA
1820,Luigi Zampa,ITA
1821,Andrew Currie,CAN
1822,Rupert Wainwright,UK
1823,Didier Grousset,FRA
1824,Juan Estelrich,ESP
1825,Claude Miller,FRA
1826,Álvaro Brechner,URU
1827,Ladislao Vajda,HUN
1828,Tommy Wirkola,NOR
1829,Frédéric Back,CAN
1830,Duncan Jones,UK
1831,Pilar Miró,ESP
1832,Juan Martínez Moreno,ESP
1833,Peter Stebbings,CAN
1834,Mike Mitchell,USA
1835,Kristopher Belman,USA
1836,Tom Vaughan,USA
1837,Santiago Carlos Oves,ARG
1838,Agustí Villaronga,ESP
1839,Pierre Salvadori,FRA
1840,Leopoldo Torre Nilsson,ARG
1841,Neal Brennan,USA
1842,Michael Tolajian,USA
1843,Mariano Cohn,ARG
1844,Gastón Duprat,ARG
1845,Sebastián Silva,CHL
1846,Les Blank,USA
1847,Marc Webb,USA
1848,Debra Granik,USA
1849,Rogelio A. González,MEX
1850,Serge Bourguignon,FRA
1851,Rodrigo Grande,ARG
1852,Steve Pink,USA
1853,David Michôd,AUS
1854,Eloy de la Iglesia,ESP
1855,Óscar Aibar,ESP
1856,John Lee Hancock,USA
1857,Gianni Di Gregorio,ITA
1858,Adam Elliot,AUS
1859,Sophie Fiennes,UK
1860,Luciano Salce,ITA
1861,Asghar Farhadi,IRA
1862,Levent Semerci,TUR
1863,Andrew Lau,USA
1864,Glenn Ficarra,USA
1865,John Requa,USA
1866,Robert Hamer,UK
1867,Bernard Queysanne,FRA
1868,Alexander Kluge,GER
1869,Scott Cooper,USA
1870,Daniel Sánchez Arévalo,ESP
1871,Dean DeBlois,CAN
1872,Chris Sanders,USA
1873,Xavier Beauvois,FRA
1874,William A. Wellman,USA
1875,Jaime Chávarri,ESP
1876,Denis Villeneuve,CAN
1877,Ilmar Raag,EST
1878,Charles Ferguson,USA
1879,Gareth Carrivick,UK
1880,Nicolás Goldbart,ARG
1881,Lee Daniels,USA
1882,Chris Morris,UK
1883,Guillem Morales,ESP
1884,Tom Hooper,UK
1885,Derrick Borte,USA
1886,John Wells,USA
1887,Pierre Coffin,FRA
1888,Chris Renaud,USA
1889,Tom McGrath,USA
1890,Jeremy Clapin,FRA
1891,Sebastián Borensztein,ARG
1892,Banksy,UK
1893,Shainee Gabel,USA
1894,Fernando González Molina,ESP
1895,Gottfried Reinhardt,AUT
1896,Fernando Ayala,ARG
1897,Allen Baron,USA
1898,Hugo Santiago,ARG
1899,Drew Goddard,USA
1900,Andrés Baiz,COL
1901,Mark Achbar,CAN
1902,Jennifer Abbott,CAN
1903,Joel Bakan,CAN
1904,Miguel Ángel Vivas,ESP
1905,Vicente Pérez Herrero,ESP
1906,Jay Duplass,USA
1907,Mark Duplass,USA
1908,Rupert Wyatt,USA
1909,Olivier Nakache,FRA
1910,Eric Toledano,FRA
1911,Thom Eberhardt,UK
1912,Jeff Nichols,USA
1913,Miguel Gomes,POR
1914,Alfonso Sánchez,ESP
1915,Paddy Considine,UK
1916,Coline Serreau,FRA
1917,Seth MacFarlane,USA
1918,Na Hong-jin,KOR
1919,Richard J. Lewis,CAN
1920,Stephen Chbosky,USA
1921,Yuriy Norshteyn,RUS
1922,Kelly Reichardt,USA
1923,Tetsuya Nakashima,JAP
1924,Georges Lautner,FRA
1925,Morten Tyldum,NOR
1926,Sam Garbarski,BEL
1927,Ole Bornedal,DEN
1928,Rodrigo Plá,URU
1929,Dan Klores,USA
1930,Eric-Emmanuel Schmitt,BEL
1931,Larry Peerce,USA
1932,Malik Bendjelloul,SWE
1933,Niall Downing,UK
1934,Joss Whedon,USA
1935,Frank Perry,USA
1936,David Gelb,USA
1937,Romain Gavras,FRA
1938,William Brent Bell,USA
1939,Lynne Ramsay,UK
1940,Rodney Ascher,USA
1941,Cristian Nemescu,ROM
1942,Jonathan Levine,USA
1943,Philippe Falardeau,CAN
1944,Hong Sang-soo,KOR
1945,Joachim Trier,NOR
1946,Quentin Dupieux,FRA
1947,Slobodan Sijan,SRB
1948,Paolo Sorrentino,ITA
1949,André Øvredal,NOR
1950,Shane Carruth,USA
1951,Ola Simonsson,SWE
1952,Johannes Stjärne Nilsson,SWE
1953,Charles de Lauzirika,USA
1954,Christopher McQuarrie,USA
1955,Jesse Dylan,USA
1956,Otakar Vávra,CHE
1957,Henry Joost,USA
1958,Ariel Schulman,USA
1959,Peter Brosens,BEL
1960,Jessica Woodworth,BEL
1961,Stéphane Brizé,FRA
1962,Felix Van Groeningen,BEL
1963,David Ondricek,CHE
1964,Aleksandr Petrov,RUS
1965,Yaron Zilberman,ISR
1966,Jan Ole Gerster,GER
1967,Henry Alex Rubin,USA
1968,Damien O'Donnell,IRL
1969,Joshua Safdie,USA
1970,Anna Boden,USA
1971,Ryan Fleck,USA
1972,Abdellatif Kechiche,TUN
1973,Ignacio Ferreras,ESP
1974,Henrik Ruben Genz,DEN
1975,Roman Coppola,USA
1976,Xavi Puebla,ESP
1977,Szabolcs Hajdu,HUN
1978,Joseph Cedar,ISR
1979,Tom Ford,USA
1980,Bertrand Bonello,FRA
1981,Hiroshi Teshigahara,JAP
1982,Kim Jee-woon,KOR
1983,Ralph Fiennes,UK
1984,Dan Lindsay,USA
1985,Spiros Stathoulopoulos,GRE
1986,Garth Jennings,USA
1987,Phil Morrison,USA
1988,Evan Goldberg,USA
1989,Seth Rogen,USA
1990,Joseph Gordon-Levitt,USA
1991,Gert de Graaff,HOL
1992,Destin Cretton,USA
1993,Srdan Golubovic,SRB
1994,Tobias Lindholm,DEN
1995,Richard Ayoade,UK
1996,John Michael McDonagh,IRL
1997,E.L. Katz,USA
1998,Eli Craig,USA
1999,Damien Chazelle,USA
2000,Alberto Rodríguez,ESP
2001,Dan Gilroy,USA
2002,Chris Williams,USA
2003,Don Hall,USA
2004,Alex Garland,UK
2005,Yann Demange,FRA
2006,Gabe Polsky,USA
2007,David Robert Mitchell,USA
2008,Etan Cohen,USA
2009,Michael Cuesta,USA
2010,Benjamin Renner,FRA
2011,Nicole Holofcener,USA
2012,Theodore Melfi,USA
2013,James Ponsoldt,USA
2014,Pablo Larrain,CHI
2015,Bill Pohlad,USA
2016,Alfonso Gomez-Rejon,USA
2017,Peter Landesman,USA
2018,Grímur Hákonarson,ISL
2019,Duke Johnson,USA
2020,Rita Azevedo Gomes,POR
2021,Jacqueline Audry,FRA
2022,Byron Howard,USA
2023,Jeremy Saulnier,USA
2024,Sean Durkin,USA
2025,Cyril Dion,FRA
2026,Mélanie Laurent,FRA
2027,Elmo Nüganen,EST
2028,David Wnendt,GER
2029,Tim Miller,USA
2030,Matthew Warchus,UK
2031,Paco León,ESP
2032,Dexter Fletcher,UK
2033,Matt Ross,USA
2034,Taika Waititi,NZL
2035,Raúl Arévalo,ESP
2036,Ira Sachs,USA
2037,Morgan Matthews,UK
2038,Eric Idle,UK
2039,Brad Furman,USA
2040,Kleber Mendonça Filho,BRA
2041,Ezra Edelman,USA
2042,Erik Skjoldbjaerg,NOR
2043,Kenneth Lonergan,USA
2044,Jemaine Clement,NZL
2045,Garth Davis,AUS
2046,Samuel Benchetrit,FRA
2047,Jordan Peele,USA
2048,Liz Garbus,USA
2049,Macon Blair,USA
2050,Maren Ade,GER
2051,Dan Trachtenberg,USA
2052,Chema Veiga,ESP
2053,Juan Moya,ESP
2054,Ceyda Torun,TUR
2055,Bi Gan,CHI
2056,Gareth Edwards,UK
2057,Robert Gordon,USA
2058,Morgan Neville,USA
2059,Paolo Virzì,ITA
2060,James Franco,USA
2061,Carla Simón,ESP
2062,Janus Metz Pedersen,SWE
2063,Taylor Sheridan,USA
2064,Ruben Östlund,SWE
2065,Sebastián Lelio,CHI
2066,Sean Baker,USA
2067,David Lowery,USA
2068,Destin Cretton,USA
2069,Lav Diaz,FIL
2070,Ben Safdie,USA
2071,John Francis Daley,USA
2072,Jonathan Goldstein,USA
2073,Mikhail Red,FIL
2074,Kay Cannon,USA
2075,Jang Hoon,KOR
2076,Kogonada,USA
2077,Joe Wright,UK
2078,Kira Muratova,UKR
2079,Árpád Sopsits,HUN
2080,John Carroll Lynch,USA
2081,Sarah Polley,CAN
2082,Tarik Saleh,SWE
2083,Cory Finley,USA
2084,Andrew Haigh,USA
2085,John Krasinski,USA
2086,James Benning,USA
2087,David Leitch,
2088,Rodrigo Sorogoyen,ESP
2089,Alan Zweig,CAN
2090,Clayton Jacobson,AUS
2091,Jim Cummings,USA
2092,Ari Aster,USA
2093,Dani de la Orden,ESP
2094,Piotr Domalewski,POL
2095,Paul Feig,USA
2096,Gustav Möller,DEN
2097,Bo Burnham,USA
2098,Cecilia Atán,ARG
2099,Valeria Pivato,ARG
2100,Aneesh Chaganty,USA
2101,Ali Abbasi,SWE
2102,Shawn Levy,USA
2103,Chris Smith,USA
2104,Peter Farrelly,USA
2105,Joe Penna,BRA
2106,Mauro Sarser,URU
2107,Marcela Matta,URU
2108,Jacques Rozier,FRA
2109,Jean René,FRA
2110,Jaume Martí,ESP
2111,Josep Serra,ESP
2112,Ronald Neame,UK
2113,Dmitrii Kalashnikov,RUS
2114,Barbara Loden,USA
2115,Santiago Lorenzo,ESP
2116,Sandi Tan,SIN
2117,Ana Schulz,ESP
2118,Cristóbal Fernández,ESP
2119,Colin Trevorrow,USA
2120,S. Craig Zahler,USA
2121,Bradley Cooper,USA
2122,Vince Gilligan,USA
2123,Francis Lee,
2124,Clio Barnard,UK
2125,Dorota Kobiela,POL
2126,Hugh Welchman,UK
2127,Rémi Chayé,FRA
2128,Benedikt Erlingsson,ICE
2129,Xavier Legrand,FRA
2130,Peter Foott,IRL
2131,Scott Z. Burns,USA
2132,Robert Eggers,USA
2133,Jonah Hill,USA
2134,Gene Saks,USA
2135,Julian Jarrold,UK
2136,Xavier Dolan,CAN
2137,Carlos Balbuena,ESP
2138,Mariano Llinás,ARG
2139,Frank Ripploh,GER
2140,Brett Haley,USA
2141,Ognjen Glavonic,SRB
2142,Rob Burnett,USA
2143,Babis Makridis,GRE
2144,Alejo Moguillansky,ARG
2145,Björn Runge,SWE
2146,Pasquale Festa Campanile,ITA
2147,Abba Makama,NIG
2148,Marcin Borchardt,POL
2149,Donal Foreman,IRL
2150,Dan Sallitt,USA
2151,Fernando Romero Forsthuber,ESP
2152,Álex Montoya,ESP
2153,Trey Edward Shults,USA
2154,Warwick Thornton,AUS
2155,Kornél Mundruczó,HUN
2156,Hannes Holm,SWE
2157,Lemohang Jeremiah Mosese,LES
2158,Amin Sidi-Boumédiène,ALG
2159,Miguel Llansó,ESP
2160,Andrey A. Tarkovskiy,RUS
2161,Bas Devos,BEL
2162,Ana Garcia Blaya,ARG
2163,Alex van Warmerdam,HOL
2164,Hlynur Palmason,ICE
2165,Samuel Kishi,MEX
2166,Jeanne Balibar,FRA
2167,Frank Pavich,USA
2168,Paul Wright,UK
2169,Joachim Lafosse,BEL
2170,Pascal Chaumeil,FRA
2171,Mike Flanagan,USA
2172,Jordi Rovira,ESP
2173,Xavier Baig,ESP
2174,Hitoshi Matsumoto,JAP
2175,Bettina Perut,CHL
2176,Iván Osnovikoff,CHL
2177,Dennis Hauck,USA
2178,Daniel Cockburn,CAN
2179,Sophie Huber,SWI
2180,Patrick Wang,USA
2181,Sébastien Marnier,FRA
2182,Gábor Reisz,HUN
2183,Coralie Fargeat,FRA
2184,George Ovashvili,GEO
2185,Hans Herbots,BEL
2186,Jamie M. Dagg,USA
2187,Joel Potrykus,USA
2188,Marcelo Gomes,BRA
2189,Cao Guimarães,BRA
2190,Jennifer Kent,AUS
2191,J.C. Chandor,USA
2192,Claudia Sainte-Luce,MEX
2193,Karin Steinberger,GER
2194,Marcus Vetter,GER
2195,James Gardner,UK
2196,Bart Layton,UK
2197,Jóhann Jóhannsson,ICE
2198,Guillaume Nicloux,FRA
2199,Mahmut Fazil Coskun,TUR
2200,Oscar Ruiz Navia,COL
2201,Aritz Moreno,ESP
2202,Richard Franklin,AUS
2203,Joe Cornish,UK
2204,Erwan Le Duc,FRA
2205,Marc Serena,ESP
2206,Chico Pereira,ESP
2207,John Byrum,USA
2208,Mohamed Al Daradji,IRK
2209,Adam Kalderon,ISR
2210,Max Barbakow,USA
2211,Mikkel Nørgaard,DEN
2212,Ross McElwee,USA
2213,Agustina Comedi,ARG
2214,Joanna Hogg,UK
2215,Aharon Keshales,ISR
2216,Navot Papushado,ISR
2217,Illum Jacobi,DEN
2218,Yeon Sang-ho,KOR
2219,Bijukumar Damodaran,IND
2220,Ulrich Köhler,GER
2221,James Ward Byrkit,USA
2222,Lendita Zeqiraj,KOS
2223,Oliver Schmitz,SAF
2224,Michael Joy,AUS
2225,Suhaib Gasmelbari,SUD
2226,Nawapol Thamrongrattanarit,THA
2227,Amy Seimetz,USA
2228,Emmanuel Laurent,FRA
2229,Thomas Bidegain,FRA
2230,Joe Swanberg,USA
2231,Mike White,USA
2232,Natalya Meshchaninova,RUS
2233,Chanya Button,UK
2234,Tom Cullen,UK
2235,Jindrich Polák,CHE
2236,David Heinz,USA
2237,Ena Sendijarevic,BOS
2238,Semih Kaplanoglu,TUR
2239,Suha Arraf,PAL
2240,Andrea Segre,ITA
2241,Milagros Mumenthaler,ARG
2242,Philippe Rebbot,FRA
2243,Romane Bohringer,FRA
2244,Damien Manivel,FRA
2245,Kohei Igarashi,JAP
2246,Gabriele Mainetti,ITA
2247,Bertrand Mandico,FRA
2248,Emmanuel Hamon,FRA
2249,Atiq Rahimi,AFG
2250,Ben Young,AUS
2251,Méryl Fortunat-Rossi,FRA
2252,Valéry Rosier,BEL
2253,Mia Hansen-Løve,FRA
2254,Jorge Thielen Armand,VEN
2255,Ben Wheatley,UK
2256,Richard Loncraine,UK
2257,Marc Turtletaub,USA
2258,Paloma Sermon-Daï,BEL
2259,Eugène Green,FRA
2260,Juan Cavestany,ESP
2261,Chloé Zhao,USA
2262,Benjamín Naishtat,ARG
2263,Johannes Nyholm,SWE
2264,Steven Knight,UK
2265,Ignacio Ceroi,ARG
2266,Jessica Hausner,AUT
2267,Chris Baugh,UK
2268,Frédéric Farrucci,FRA
2269,Giovanni Aloi,FRA
2270,Telmo Esnal,ESP
2271,Ryûsuke Hamaguchi,JAP
2272,Emiliano Torres,ARG
2273,Ziad Doueiri,LEB
2274,Athina Rachel Tsangari,GRE
2275,David Sainz,ESP
2276,Pierre Duculot,BEL
2277,David Oelhoffen,FRA
2278,Gianfranco Rosi,ITA
2279,Lee Isaac Chung,USA
2280,Matt Bissonnette,CAN
2281,Jan Komasa,POL
2282,Cyril Schäublin,SWI
2283,Yeo Siew Hua,SIN
2284,Guillaume de Fontenay,FRA
2285,Alex Piperno,URU
2286,Andrés Goteira,ESP
2287,Roberto Andò,ITA
2288,Malene Choi,KOR
2289,Hans Alfredson,SWE
2290,Tonia Mishiali,CYP
2291,Céline Sciamma,FRA
2292,Virgil Vernier,FRA
2293,Marcel Gisler,SWI
2294,Zaza Urushadze,GEO
2295,Márta Mészáros,HUN
2296,James Vaughan,AUS
2297,Adilkhan Yerzhanov,KAZ
2298,Francesco Rizzi,SWI
2299,Guy Gilles,FRA
2300,Pelin Esmer,TUR
2301,Eloísa Solaas,ARG
2302,Daniel Schmidt,USA
2303,Gabriel Abrantes,POR
2304,Andrés Burgos,COL
2305,Radu Jude,ROM
2306,Naomi Kawase,JAP
2307,Marc Ferrer,ESP
2308,Ana Katz,ARG
2309,Jeremy Gardner,USA
2310,Christian Stella,USA
2311,Nine Antico,FRA
2312,Philip Barantini,UK
2313,Anna Muylaert,BRA
2314,Cathy Yan,CHI
2315,Ingo Haeb,GER
2316,Julia Ducournau,FRA
2317,Stephen Cone,USA
2318,Eagle Pennell,USA
2319,Martín Rejtman,ARG
2320,Juanjo Giménez,ESP
2321,Guillaume Brac,FRA
2322,Emmanuel Bourdieu,FRA
2323,Marinos Kartikkis,CYP
2324,Juliano Dornelles,BRA
2325,Valeska Grisebach,GER
2326,Reinaldo Marcus Green,USA
2327,Dominik Galizia,GER
2328,Veiko Õunpuu,EST
2329,Mahamat-Saleh Haroun,CHD
2330,Albert Maysles,USA
2331,David Maysles,USA
2332,Charlotte Zwerin,USA
2333,Junta Yamaguchi,JAP
2334,Karim Aïnouz,BRA
2335,Joel Edgerton,USA
2336,Laslo Benedek,HUN
2337,Jeremiah Zagar,USA
2338,Andreas Fontana,SWI
2339,Yann Gonzalez,FRA
2340,Antoine Raimbault,FRA
2341,Panah Panahi,IRA
2342,Jayro Bustamante,GUA
2343,Rachel Lang,FRA
2344,Frédéric Videau,FRA
2345,Jean-Christophe Meurisse,FRA
2346,Samuel Theis,FRA
2347,Aleem Khan,UK
2348,Maureen Fazendeiro,POR
2349,Ana Lily Amirpour,UK
2350,Monia Chokri,CAN
2351,Midi Z,MYA
2352,Ezequiel Radusky,ARG
2353,Chino Moya,ESP
2354,Miguel Del Arco,ESP
2355,Martin Shanly,ARG
2356,Ted Fendt,USA
2357,Leonardo di Costanzo,ITA
2358,Jocelyn DeBoer,USA
2359,Dawn Luebbe,USA
2360,Nely Reguera,ESP
2361,Elene Naveriani,GEO
2362,Alli Haapasalo,FIN
2363,Sebastián Schindel,ARG
2364,Mário Barroso,POR
2365,Thomas M. Wright,AUS
2366,Santiago Mitre,ARG
2367,Shinichirô Ueda,JAP
2368,Alauda Ruiz de Azúa,ESP
2369,Michael Bentham,AUS
2370,Stephen Karam,USA
2371,Olivia Wilde,USA
2372,Galder Gaztelu-Urrutia,ESP
2373,Neus Ballús,ESP